Title,Price,Availability,Star Rating,Link
It's Only the Himalayas,Â£45.17,In stock,Two,https://books.toscrape.com/catalogue/../../../its-only-the-himalayas_981/index.html
Full Moon over Noahâs Ark: An Odyssey to Mount Ararat and Beyond,Â£49.43,In stock,Four,https://books.toscrape.com/catalogue/../../../full-moon-over-noahs-ark-an-odyssey-to-mount-ararat-and-beyond_811/index.html
See America: A Celebration of Our National Parks & Treasured Sites,Â£48.87,In stock,Three,https://books.toscrape.com/catalogue/../../../see-america-a-celebration-of-our-national-parks-treasured-sites_732/index.html
Vagabonding: An Uncommon Guide to the Art of Long-Term World Travel,Â£36.94,In stock,Two,https://books.toscrape.com/catalogue/../../../vagabonding-an-uncommon-guide-to-the-art-of-long-term-world-travel_552/index.html
Under the Tuscan Sun,Â£37.33,In stock,Three,https://books.toscrape.com/catalogue/../../../under-the-tuscan-sun_504/index.html
A Summer In Europe,Â£44.34,In stock,Two,https://books.toscrape.com/catalogue/../../../a-summer-in-europe_458/index.html
The Great Railway Bazaar,Â£30.54,In stock,One,https://books.toscrape.com/catalogue/../../../the-great-railway-bazaar_446/index.html
A Year in Provence (Provence #1),Â£56.88,In stock,Four,https://books.toscrape.com/catalogue/../../../a-year-in-provence-provence-1_421/index.html
The Road to Little Dribbling: Adventures of an American in Britain (Notes From a Small Island #2),Â£23.21,In stock,One,https://books.toscrape.com/catalogue/../../../the-road-to-little-dribbling-adventures-of-an-american-in-britain-notes-from-a-small-island-2_277/index.html
Neither Here nor There: Travels in Europe,Â£38.95,In stock,Three,https://books.toscrape.com/catalogue/../../../neither-here-nor-there-travels-in-europe_198/index.html
"1,000 Places to See Before You Die",Â£26.08,In stock,Five,https://books.toscrape.com/catalogue/../../../1000-places-to-see-before-you-die_1/index.html
